{"interactiveVideo":{"video":{"startScreenOptions":{"title":"Interactive Video","hideStartTitle":false},"textTracks":{"videoTrack":[{"label":"Subtitles","kind":"subtitles","srcLang":"en"}]},"files":[{"path":"videos/video-ab8IP15R.mp4","mime":"video/mp4","copyright":{"license":"U"}}]},"assets":{"interactions":[{"x":50.31446540880503,"y":11.178804985747025,"width":10,"height":10,"duration":{"from":0,"to":3},"libraryTitle":"Text","action":{"library":"H5P.Text 1.1","params":{"text":"<p>WOW!!!</p>\n"},"subContentId":"6efdfebd-f63e-468c-bed8-9d7b8494cb9f","metadata":{"contentType":"Text","license":"U","title":"Untitled Text","authors":[],"changes":[]}},"pause":false,"displayType":"button","buttonOnMobile":false,"visuals":{"backgroundColor":"rgb(255, 255, 255)","boxShadow":true},"goto":{"url":{"protocol":"http://"},"visualize":false,"type":""},"label":""},{"x":45.59748427672956,"y":50.30462243586161,"width":10,"height":10,"duration":{"from":7,"to":7},"libraryTitle":"Single Choice Set","action":{"library":"H5P.SingleChoiceSet 1.11","params":{"choices":[{"subContentId":"c459ad8d-2135-4f8f-ad41-12ebcf49a6e0","question":"<p>What's that?</p>\n","answers":["<p>A bowl of soup!</p>\n","<p>Ramen gravy!</p>\n","<p>I dont know!</p>\n"]},{"subContentId":"b8776b8b-b3a5-4f50-a9c7-f55948ac57e1"}],"overallFeedback":[{"from":0,"to":100}],"behaviour":{"autoContinue":true,"timeoutCorrect":2000,"timeoutWrong":3000,"soundEffectsEnabled":true,"enableRetry":true,"enableSolutionsButton":true,"passPercentage":100},"l10n":{"nextButtonLabel":"Next question","showSolutionButtonLabel":"Show solution","retryButtonLabel":"Retry","solutionViewTitle":"Solution list","correctText":"Correct!","incorrectText":"Incorrect!","shouldSelect":"Should have been selected","shouldNotSelect":"Should not have been selected","muteButtonLabel":"Mute feedback sound","closeButtonLabel":"Close","slideOfTotal":"Slide :num of :total","scoreBarLabel":"You got :num out of :total points","solutionListQuestionNumber":"Question :num","a11yShowSolution":"Show the solution. The task will be marked with its correct solution.","a11yRetry":"Retry the task. Reset all responses and start the task over again."}},"subContentId":"f9a6c2b2-05eb-4b71-8bc0-f3d3490258b3","metadata":{"contentType":"Single Choice Set","license":"U","title":"What do you think you just seen?","authors":[],"changes":[],"extraTitle":"What do you think you just seen?"}},"pause":false,"displayType":"button","buttonOnMobile":false,"adaptivity":{"correct":{"allowOptOut":false,"message":""},"wrong":{"allowOptOut":false,"message":""},"requireCompletion":false},"label":""}],"bookmarks":[],"endscreens":[{"time":7.867,"label":"0:07 Submit screen"}]},"summary":{"task":{"library":"H5P.Summary 1.10","params":{"intro":"<p>Choose the correct statement.</p>\n","summaries":[{"subContentId":"e752cb0b-c3d2-4dbd-aa55-c8e29d0c54cd","tip":"","summary":["<p>It's for drinking!</p>\n","<p>It's for adding flavour to ramen noodle!</p>\n"]}],"overallFeedback":[{"from":0,"to":100}],"solvedLabel":"Progress:","scoreLabel":"Wrong answers:","resultLabel":"Your result","labelCorrect":"Correct.","labelIncorrect":"Incorrect! Please try again.","alternativeIncorrectLabel":"Incorrect","labelCorrectAnswers":"Correct answers.","tipButtonLabel":"Show tip","scoreBarLabel":"You got :num out of :total points","progressText":"Progress :num of :total"},"subContentId":"6077729e-3c4b-4796-b5ca-020b953c8498","metadata":{"contentType":"Summary","license":"U","title":"Dip Ramen Gravy","authors":[],"changes":[],"extraTitle":"Dip Ramen Gravy"}},"displayAt":3}},"override":{"autoplay":false,"loop":false,"showBookmarksmenuOnLoad":false,"showRewind10":false,"preventSkippingMode":"none","deactivateSound":false},"l10n":{"interaction":"Interaction","play":"Play","pause":"Pause","mute":"Mute, currently unmuted","unmute":"Unmute, currently muted","quality":"Video Quality","captions":"Captions","close":"Close","fullscreen":"Fullscreen","exitFullscreen":"Exit Fullscreen","summary":"Open summary dialog","bookmarks":"Bookmarks","endscreen":"Submit screen","defaultAdaptivitySeekLabel":"Continue","continueWithVideo":"Continue with video","more":"More player options","playbackRate":"Playback Rate","rewind10":"Rewind 10 Seconds","navDisabled":"Navigation is disabled","navForwardDisabled":"Navigating forward is disabled","sndDisabled":"Sound is disabled","requiresCompletionWarning":"You need to answer all the questions correctly before continuing.","back":"Back","hours":"Hours","minutes":"Minutes","seconds":"Seconds","currentTime":"Current time:","totalTime":"Total time:","singleInteractionAnnouncement":"Interaction appeared:","multipleInteractionsAnnouncement":"Multiple interactions appeared.","videoPausedAnnouncement":"Video is paused","content":"Content","answered":"@answered answered","endcardTitle":"@answered Question(s) answered","endcardInformation":"You have answered @answered questions, click below to submit your answers.","endcardInformationOnSubmitButtonDisabled":"You have answered @answered questions.","endcardInformationNoAnswers":"You have not answered any questions.","endcardInformationMustHaveAnswer":"You have to answer at least one question before you can submit your answers.","endcardSubmitButton":"Submit Answers","endcardSubmitMessage":"Your answers have been submitted!","endcardTableRowAnswered":"Answered questions","endcardTableRowScore":"Score","endcardAnsweredScore":"answered","endCardTableRowSummaryWithScore":"You got @score out of @total points for the @question that appeared after @minutes minutes and @seconds seconds.","endCardTableRowSummaryWithoutScore":"You have answered the @question that appeared after @minutes minutes and @seconds seconds.","videoProgressBar":"Video progress","howToCreateInteractions":"Play the video to start creating interactions"}}