{"embedTypes":["iframe"],"language":"en","defaultLanguage":"en","license":"U","extraTitle":"Sizzling~","title":"Sizzling~","mainLibrary":"H5P.InteractiveVideo","preloadedDependencies":[{"machineName":"H5P.Text","majorVersion":1,"minorVersion":1},{"machineName":"H5P.SingleChoiceSet","majorVersion":1,"minorVersion":11},{"machineName":"FontAwesome","majorVersion":4,"minorVersion":5},{"machineName":"H5P.JoubelUI","majorVersion":1,"minorVersion":3},{"machineName":"H5P.Transition","majorVersion":1,"minorVersion":0},{"machineName":"H5P.FontIcons","majorVersion":1,"minorVersion":0},{"machineName":"H5P.SoundJS","majorVersion":1,"minorVersion":0},{"machineName":"H5P.Question","majorVersion":1,"minorVersion":5},{"machineName":"H5P.Summary","majorVersion":1,"minorVersion":10},{"machineName":"jQuery.ui","majorVersion":1,"minorVersion":10},{"machineName":"H5P.Video","majorVersion":1,"minorVersion":6},{"machineName":"H5P.DragNBar","majorVersion":1,"minorVersion":5},{"machineName":"H5P.DragNDrop","majorVersion":1,"minorVersion":1},{"machineName":"H5P.DragNResize","majorVersion":1,"minorVersion":2},{"machineName":"H5P.InteractiveVideo","majorVersion":1,"minorVersion":26}]}